model,RMSE,MAE
GAM (pyGAM),28761.98821275428,23249.27759785711
RidgeCV,36164.32260252006,29743.998623588886
OLS,36165.018340933,29738.856068306886
LassoCV,36165.456436925,29753.025425681557
