model,RMSE,MAE
ETS add-add (12),1.1691573869426262,0.9660143515169174
"SARIMA(1,0,1)x(1,1,1,12)",1.3688175534711855,1.1113972343360512
Naïf saisonnier (12),1.6459149168512657,1.3243947118913946
