model,RMSE,MAE
ETS (rolling),1.3216986428078812,1.0579263304948137
SARIMA (rolling),1.39144200228844,1.085343487243442
Naïf saisonnier (rolling),1.9833922532119481,1.621294701318555
