Modèle,RMSE_test,MAE_test
OLS,29133.7883927997,23529.4666071505
Ridge,29135.14503463863,23538.387056973555
Lasso,29142.795561870735,23551.097432590093
