Model,RMSE_mean,RMSE_sd,MAE_mean,MAE_sd
GAM,28741.391192890558,604.1436718241624,23224.6359162496,592.5997793190601
